100.0,100,60.0,0.0,0,0
100.027665,101,60.04,0.113,0,0
100.055357,102,60.08,0.431,0,0
100.083034,103,60.12,-0.489,0,0
100.110705,104,60.16,-0.782,0,0
100.138402,105,60.2,0.339,0,0
100.166087,106,60.24,0.158,0,0
100.193777,107,60.28,-0.014,0,0
100.221428,108,60.6,-0.354,0,0
100.249098,109,60.64,0.097,0,0
100.276809,110,60.68,0.22,0,0
100.304473,111,60.72,0.032,0,0
100.332208,112,60.76,0.2,0,0
100.359924,113,60.8,0.856,0,0
100.387629,114,60.84,-0.168,0,0
100.415356,115,61.16,-0.129,0,0
100.443106,116,61.2,-0.273,0,0
100.47084,117,61.24,-0.145,0,0
100.498576,118,61.28,-0.494,0,0
100.52626,119,61.32,-0.589,0,0
100.553916,120,61.36,0.662,0,0
100.581582,121,61.4,0.288,0,0
100.609332,122,61.44,-0.717,0,0
100.63699,123,61.76,-0.684,0,0
100.664655,124,61.8,0.949,0,0
100.692341,125,61.84,-0.075,0,0
100.720074,126,61.88,0.509,0,0
100.747818,127,61.92,0.585,0,0
100.775479,128,61.96,0.412,0,0
100.803184,129,62.0,-0.671,0,0
100.830839,130,62.32,0.964,0,0
100.858506,131,62.36,-0.275,0,0
100.886177,132,62.4,-0.98,0,0
100.913881,133,62.44,-0.9,0,0
100.941551,134,62.48,-0.811,0,0
100.96925,135,62.52,-0.149,0,0
100.99697,136,62.56,0.442,0,0
101.024648,137,62.88,0.436,0,0
101.052326,138,62.92,-0.608,0,0
101.080052,139,62.96,0.51,0,0
101.107723,140,63.0,0.436,0,0
101.135402,141,63.04,-0.048,0,0
101.163132,142,63.08,-0.089,0,0
101.190829,143,63.12,0.147,0,0
101.218528,144,63.44,-0.412,0,0
101.24624,145,63.48,0.777,0,0
101.273978,146,63.52,0.784,0,0
101.301703,147,63.56,-0.541,0,0
101.32936,148,63.6,0.988,0,0
101.357043,149,63.64,-0.826,0,0
101.384761,150,63.68,-0.62,0,0
101.412449,151,64.0,-0.047,0,0
101.440169,152,64.04,-0.774,0,0
101.467918,153,64.08,0.911,0,0
101.495642,154,64.12,0.729,0,0
101.523358,155,64.16,-0.523,0,0
101.551101,156,64.2,-0.106,0,0
101.578775,157,64.24,-0.166,0,0
101.606443,158,64.56,-0.59,0,0
101.634128,159,64.6,-0.488,0,0
101.661785,160,64.64,0.586,0,0
101.689524,161,64.68,0.262,0,0
101.717257,162,64.72,-0.007,0,0
101.744968,163,64.76,0.3,0,0
101.772632,164,64.8,0.342,0,0
101.800374,165,65.12,-0.709,0,0
101.828062,166,65.16,0.782,0,0
101.855758,167,65.2,0.151,0,0
101.883435,168,65.24,-0.04,0,0
101.91109,169,65.28,-0.485,0,0
101.938796,170,65.32,0.268,0,0
101.966488,171,65.36,-0.24,0,0
101.994236,172,65.68,0.87,0,0
102.021887,173,65.72,0.019,0,0
102.049586,174,65.76,0.655,0,0
102.077279,175,65.8,0.155,0,0
102.10497,176,65.84,-0.515,0,0
102.13268,177,65.88,0.972,0,0
102.160336,178,65.92,0.716,0,0
102.188067,179,66.24,-0.102,0,0
102.215801,180,66.28,0.602,0,0
102.243472,181,66.32,0.361,0,0
102.271213,182,66.36,0.71,0,0
102.298873,183,66.4,0.999,0,0
102.326615,184,66.44,-0.682,0,0
102.354292,185,66.48,-0.049,0,0
102.38195,186,66.8,-0.915,0,0
102.409614,187,66.84,0.844,0,0
102.437269,188,66.88,-0.081,0,0
102.464919,189,66.92,-0.438,0,0
102.492582,190,66.96,-0.564,0,0
102.520243,191,67.0,0.404,0,0
102.547943,192,67.04,0.272,0,0
102.575688,193,67.08,-0.851,0,0
102.60341,194,67.4,0.104,0,0
102.631077,195,67.44,0.818,0,0
102.658798,196,67.48,0.113,0,0
102.686541,197,67.52,-0.985,0,0
102.714264,198,67.56,-0.74,0,0
102.741946,199,67.6,0.628,0,0
102.769614,200,67.64,-0.995,0,0
102.797321,201,67.96,-0.429,10,79
102.825048,202,68.0,-0.827,10,81
102.852703,203,68.04,0.293,10,86
102.880387,204,68.08,0.821,10,72
102.908047,205,68.12,-0.265,10,73
102.935777,206,68.16,-0.141,10,82
102.963488,207,68.2,-0.603,10,78
102.991152,208,68.52,-0.781,10,88
103.018813,209,68.56,0.721,10,83
103.046484,210,68.6,-0.39,10,79
103.074152,211,68.64,-0.057,10,81
103.101815,212,68.68,0.939,10,75
103.129547,213,68.72,-0.402,10,88
103.157205,214,68.76,0.333,10,88
103.184866,215,69.08,0.569,10,70
103.212526,216,69.12,-0.764,10,78
103.240267,217,69.16,0.558,10,87
103.267986,218,69.2,-0.629,10,75
103.295671,219,69.24,0.532,10,88
103.323331,220,69.28,0.292,10,85
103.350996,221,69.32,-0.092,10,71
103.378744,222,69.64,-0.324,10,80
103.406483,223,69.68,0.038,10,87
103.43419,224,69.72,0.835,10,76
103.461911,225,69.76,0.479,10,72
103.489581,226,69.8,-0.7,10,87
103.517268,227,69.84,0.105,10,72
103.544936,228,69.88,-0.177,10,76
103.572622,229,70.2,0.051,10,82
103.600303,230,70.24,0.977,10,82
103.627996,231,70.28,-0.231,10,85
103.655647,232,70.32,0.694,10,72
103.683323,233,70.36,0.318,10,80
103.711026,234,70.4,0.402,10,79
103.738745,235,70.44,0.54,10,73
103.766416,236,70.48,-0.251,10,71
103.794158,237,70.8,0.286,10,86
103.821856,238,70.84,-0.057,10,83
103.849561,239,70.88,0.3,10,85
103.877225,240,70.92,0.572,10,73
103.904929,241,70.96,-0.257,10,89
103.932614,242,71.0,-0.757,10,71
103.960357,243,71.04,-0.901,10,84
103.988045,244,71.36,-0.218,10,88
104.015761,245,71.4,0.516,10,77
104.043494,246,71.44,0.74,10,81
104.071155,247,71.48,-0.184,10,71
104.098852,248,71.52,0.837,10,73
104.126516,249,71.56,-0.525,10,85
104.154179,250,71.6,-0.156,10,89
104.181857,251,71.64,0.374,10,75
104.209564,252,71.96,-0.172,10,80
104.237276,253,72.0,0.458,10,80
104.264941,254,72.04,0.692,10,73
104.292597,255,72.08,-0.671,10,86
104.320255,256,72.12,0.834,10,73
104.34799,257,72.16,-0.371,10,71
104.375695,258,72.2,0.693,10,80
104.40343,259,72.52,-0.895,10,86
104.431083,260,72.56,0.22,10,90
104.458739,261,72.6,-0.226,10,84
104.486392,262,72.64,0.759,10,78
104.514084,263,72.68,0.988,10,83
104.541778,264,72.72,0.837,10,89
104.569449,265,72.76,-0.595,10,77
104.597174,266,73.08,-0.579,10,90
104.624901,267,73.12,-0.772,10,80
104.652587,268,73.16,-0.501,10,84
104.680261,269,73.2,0.766,10,70
104.707984,270,73.24,-0.546,10,75
104.735669,271,73.28,0.163,10,85
104.763392,272,73.32,0.704,10,88
104.791059,273,73.64,0.601,10,74
104.818756,274,73.68,-0.281,10,89
104.846447,275,73.72,0.189,10,90
104.874098,276,73.76,0.318,10,81
104.901761,277,73.8,0.447,10,81
104.929478,278,73.84,-0.157,10,86
104.957141,279,73.88,-0.385,10,75
104.984801,280,74.2,-0.543,10,76
105.012461,281,74.24,-0.392,10,79
105.040159,282,74.28,0.11,10,70
105.067888,283,74.32,-0.414,10,74
105.095551,284,74.36,-0.878,10,75
105.123278,285,74.4,0.779,10,80
105.150955,286,74.44,0.963,10,72
105.178685,287,74.76,-0.983,10,90
105.206358,288,74.8,0.431,10,85
105.234014,289,74.84,-0.791,10,81
105.261752,290,74.88,0.354,10,75
105.28948,291,74.92,-0.053,10,84
105.317229,292,74.96,-0.109,10,72
105.344967,293,75.0,-0.402,10,74
105.372712,294,75.32,0.88,10,86
105.400371,295,75.36,-0.691,10,82
105.428114,296,75.4,-0.022,10,72
105.455775,297,75.44,0.595,10,71
105.48346,298,75.48,0.406,10,79
105.511164,299,75.52,0.641,10,89
105.538851,300,75.56,-0.25,10,80
105.5666,301,75.6,0.19,10,73
105.594256,302,75.92,0.736,10,88
105.621987,303,75.96,-0.503,10,77
105.649656,304,76.0,0.636,10,77
105.677319,305,76.04,-0.249,10,89
105.705001,306,76.08,-0.624,10,76
105.732678,307,76.12,0.117,10,90
105.760386,308,76.16,-0.027,10,87
105.788078,309,76.48,-0.897,10,71
105.815735,310,76.52,0.308,10,88
105.84341,311,76.56,-0.658,10,83
105.871076,312,76.6,-0.825,10,80
105.898781,313,76.64,0.726,10,84
105.926491,314,76.68,-0.226,10,72
105.954211,315,76.72,-0.784,10,87
105.981942,316,77.04,-0.139,10,74
106.009625,317,77.08,0.521,10,84
106.03736,318,77.12,-0.429,10,82
106.065084,319,77.16,-0.581,10,81
106.092743,320,77.2,-0.93,10,86
106.120397,321,77.24,0.587,10,72
106.148086,322,77.28,0.218,10,70
106.175818,323,77.32,-0.559,10,77
106.203536,324,77.64,0.787,10,84
106.231192,325,77.68,-0.574,10,73
106.258852,326,77.72,-0.916,10,71
106.286552,327,77.76,0.056,10,90
106.314263,328,77.8,-0.139,10,80
106.341994,329,77.84,0.811,10,79
106.369723,330,78.16,0.676,10,73
106.397466,331,78.2,0.275,10,86
106.425189,332,78.24,0.967,10,74
106.45285,333,78.28,0.583,10,80
106.480546,334,78.32,-0.698,10,70
106.50824,335,78.36,-0.643,10,73
106.535925,336,78.4,-0.262,10,75
106.56361,337,78.44,0.28,10,83
106.591311,338,78.76,0.76,10,80
106.619008,339,78.8,0.199,10,90
106.646661,340,78.84,-0.659,10,76
106.674337,341,78.88,-0.644,10,81
106.702079,342,78.92,-0.795,10,82
106.729773,343,78.96,-0.159,10,73
106.757444,344,79.0,-0.06,10,71
106.785158,345,79.32,0.668,10,78
106.812903,346,79.36,0.503,10,90
106.84062,347,79.4,0.158,10,80
106.868363,348,79.44,-0.718,10,82
106.896107,349,79.48,0.805,10,82
106.923817,350,79.52,-0.135,10,88
106.951485,351,79.56,-0.658,10,74
106.979138,352,79.88,0.944,10,76
107.006795,353,79.92,0.125,10,76
107.034531,354,79.96,0.154,10,73
107.062268,355,80.0,0.596,10,78
107.089998,356,80.04,-0.4,10,71
107.117695,357,80.08,0.837,10,72
107.145395,358,80.12,-0.127,10,78
107.173117,359,80.44,-0.307,10,87
107.200768,360,80.48,-0.482,10,84
107.228418,361,80.52,-0.841,10,82
107.256071,362,80.56,0.505,10,78
107.283761,363,80.6,0.3,10,88
107.311418,364,80.64,-0.445,10,72
107.339089,365,80.68,-0.669,10,73
107.366838,366,80.72,0.976,10,79
107.394529,367,81.04,0.037,10,88
107.422262,368,81.08,0.21,10,82
107.449961,369,81.12,0.987,10,88
107.477612,370,81.16,0.784,10,70
107.505289,371,81.2,-0.713,10,70
107.533008,372,81.24,-0.914,10,85
107.56067,373,81.28,-0.938,10,76
107.588397,374,81.6,0.708,10,78
107.616069,375,81.64,0.893,10,75
107.643732,376,81.68,0.949,10,71
107.671472,377,81.72,0.614,10,78
107.699148,378,81.76,-0.475,10,87
107.726896,379,81.8,-0.43,10,77
107.754619,380,81.84,0.13,10,70
107.782324,381,82.16,-0.071,10,81
107.810069,382,82.2,-0.161,10,85
107.837809,383,82.24,0.076,10,75
107.865513,384,82.28,0.122,10,80
107.893255,385,82.32,-0.114,10,73
107.920936,386,82.36,0.378,10,78
107.9486,387,82.4,-0.178,10,73
107.976337,388,82.44,-0.951,10,71
108.004051,389,82.76,0.098,10,75
108.031707,390,82.8,0.545,10,74
108.059448,391,82.84,0.422,10,81
108.087117,392,82.88,0.39,10,79
108.114816,393,82.92,0.395,10,85
108.142499,394,82.96,-0.048,10,73
108.170226,395,83.0,0.662,10,87
108.197976,396,83.32,0.057,10,74
108.225685,397,83.36,0.354,10,77
108.253411,398,83.4,0.078,10,81
108.281125,399,83.44,0.994,10,77
108.308784,400,83.48,-0.352,10,75
108.336489,401,83.52,-0.504,10,75
108.364235,402,83.56,0.574,10,89
108.391949,403,83.88,-0.121,10,82
108.419627,404,83.92,-0.77,10,71
108.447322,405,83.96,0.007,10,85
108.475064,406,84.0,0.593,10,82
108.502801,407,84.04,-0.882,10,83
108.530496,408,84.08,-0.28,10,90
108.558164,409,84.12,0.086,10,79
108.585889,410,84.16,-0.964,10,70
108.613607,411,84.48,0.188,10,76
108.641275,412,84.52,0.797,10,90
108.669018,413,84.56,-0.898,10,72
108.696714,414,84.6,0.33,10,87
108.724406,415,84.64,0.311,10,81
108.752103,416,84.68,0.396,10,84
108.779847,417,84.72,0.956,10,82
108.807539,418,85.04,-0.031,10,90
108.835213,419,85.08,-0.611,10,72
108.862945,420,85.12,-0.652,10,78
108.890621,421,85.16,-0.409,10,80
108.918333,422,85.2,0.562,10,89
108.946056,423,85.24,-0.208,10,85
108.97374,424,85.28,-0.542,10,85
109.001461,425,85.6,0.146,10,85
109.029167,426,85.64,0.61,10,84
109.056839,427,85.68,-0.803,10,86
109.084558,428,85.72,-0.612,10,83
109.112214,429,85.76,0.038,10,84
109.13992,430,85.8,-0.724,10,77
109.167667,431,85.84,0.571,10,89
109.195345,432,86.16,-0.57,10,73
109.223046,433,86.2,0.537,10,90
109.250795,434,86.24,0.163,10,78
109.278477,435,86.28,0.398,10,79
109.30617,436,86.32,0.066,10,70
109.33383,437,86.36,0.815,10,80
109.361501,438,86.4,0.922,10,84
109.389241,439,86.44,0.615,10,72
109.416912,440,86.76,-0.16,10,90
109.444638,441,86.8,0.764,10,88
109.472381,442,86.84,-0.998,10,82
109.500086,443,86.88,-0.494,10,78
109.527815,444,86.92,-0.348,10,74
109.555514,445,86.96,-0.546,10,89
109.583235,446,87.0,0.707,10,74
109.610945,447,87.32,-0.775,10,78
109.638683,448,87.36,0.965,10,76
109.66634,449,87.4,0.242,10,84
109.694054,450,87.44,-0.971,10,81
109.721745,451,87.48,0.249,10,74
109.749443,452,87.52,0.122,10,70
109.777115,453,87.56,0.628,10,82
109.8048,454,87.88,-0.12,10,78
109.832547,455,87.92,0.983,10,78
109.860245,456,87.96,-0.48,10,76
109.887964,457,88.0,0.422,10,75
109.915694,458,88.04,0.901,10,81
109.943373,459,88.08,-0.185,10,73
109.971045,460,88.12,0.528,10,78
109.998794,461,88.44,0.424,10,82
110.02648,462,88.48,0.719,10,82
110.054229,463,88.52,-0.222,10,87
110.081925,464,88.56,0.02,10,79
110.109665,465,88.6,-0.839,10,88
110.137414,466,88.64,0.753,10,79
110.165129,467,88.68,-0.306,10,82
110.192794,468,88.72,0.123,10,85
110.220479,469,89.04,-0.512,10,72
110.248138,470,89.08,0.66,10,88
110.275873,471,89.12,-0.438,10,79
110.303608,472,89.16,0.349,10,83
110.331332,473,89.2,-0.107,10,77
110.358992,474,89.24,-0.899,10,83
110.386651,475,89.28,-0.211,10,79
110.414333,476,89.6,-0.132,10,82
110.441984,477,89.64,-0.595,10,86
110.469666,478,89.68,0.004,10,87
110.497406,479,89.72,0.955,10,72
110.525126,480,89.76,0.644,10,89
110.552862,481,89.8,-0.712,10,81
110.580559,482,89.84,-0.09,10,75
110.608289,483,90.16,-0.07,10,78
110.636004,484,90.2,0.223,10,86
110.663704,485,90.24,0.612,10,88
110.691438,486,90.28,-0.456,10,82
110.719143,487,90.32,0.151,10,77
110.74681,488,90.36,0.23,10,70
110.77452,489,90.4,0.816,10,86
110.80224,490,90.72,0.725,10,72
110.829926,491,90.76,0.29,10,81
110.857656,492,90.8,-0.142,10,77
110.885344,493,90.84,-0.908,10,88
110.913077,494,90.88,0.925,10,80
110.94073,495,90.92,-0.159,10,89
110.968393,496,90.96,0.11,10,86
110.996045,497,91.0,0.43,10,82
111.023704,498,91.32,0.567,10,77
111.05144,499,91.36,-0.413,10,88
111.0791,500,91.4,-0.821,10,72
111.106843,501,91.44,-0.036,10,88
111.134581,502,91.48,0.928,10,82
111.162286,503,91.52,0.56,10,90
111.190012,504,91.56,-0.703,10,77
111.217746,505,91.88,-0.389,10,83
111.245483,506,91.92,-0.454,10,81
111.273223,507,91.96,-0.253,10,89
111.300953,508,92.0,-0.316,10,85
111.328663,509,92.04,-0.797,10,75
111.356347,510,92.08,0.3,10,71
111.384059,511,92.12,0.527,10,78
111.411785,512,92.44,-0.101,10,80
111.439457,513,92.48,-0.759,10,85
111.467129,514,92.52,-0.683,10,89
111.494828,515,92.56,-0.256,10,83
111.522549,516,92.6,-0.787,10,74
111.550206,517,92.64,-0.373,10,89
111.577864,518,92.68,0.031,10,71
111.605611,519,93.0,-0.335,10,74
111.633263,520,93.04,0.204,10,80
111.660945,521,93.08,-0.189,10,71
111.688684,522,93.12,-0.674,10,75
111.716398,523,93.16,-0.188,10,72
111.744111,524,93.2,0.391,10,86
111.771859,525,93.24,-0.512,10,76
111.799553,526,93.56,0.102,10,78
111.827236,527,93.6,0.637,10,82
111.854937,528,93.64,-0.924,10,84
111.882619,529,93.68,-0.613,10,89
111.910366,530,93.72,0.689,10,79
111.938025,531,93.76,0.055,10,89
111.965764,532,93.8,-0.609,10,88
111.9935,533,93.84,0.324,10,89
112.021244,534,94.16,0.597,10,74
112.048898,535,94.2,-0.663,10,75
112.076644,536,94.24,0.689,10,86
112.1043,537,94.28,-0.252,10,79
112.131995,538,94.32,-0.581,10,77
112.159694,539,94.36,0.321,10,74
112.187393,540,94.4,0.53,10,88
112.215053,541,94.72,0.996,10,85
112.24273,542,94.76,-0.219,10,85
112.270441,543,94.8,0.379,10,83
112.29813,544,94.84,-0.62,10,86
112.325783,545,94.88,-0.305,10,71
112.353446,546,94.92,-0.309,10,76
112.381169,547,94.96,0.294,10,85
112.408854,548,95.28,-0.891,10,80
112.436548,549,95.32,0.534,10,89
112.464198,550,95.36,-0.462,10,85
112.491871,551,95.4,0.582,10,74
112.519591,552,95.44,0.124,10,82
112.547298,553,95.48,-0.935,10,76
112.575036,554,95.52,-0.761,10,72
112.602703,555,95.84,0.794,10,75
112.630398,556,95.88,-0.267,10,88
112.65811,557,95.92,-0.836,10,89
112.685808,558,95.96,-0.406,10,80
112.713488,559,96.0,0.523,10,85
112.741157,560,96.04,0.892,10,76
112.768817,561,96.08,-0.244,10,85
112.79651,562,96.4,0.615,10,78
112.82418,563,96.44,0.733,10,86
112.85189,564,96.48,-0.143,10,88
112.879543,565,96.52,0.855,10,87
112.907228,566,96.56,-0.536,10,73
112.934972,567,96.6,-0.468,10,89
112.96267,568,96.64,-0.215,10,84
112.990418,569,96.96,-0.816,10,71
113.018074,570,97.0,0.167,10,70
113.045817,571,97.04,0.008,10,73
113.0735,572,97.08,0.915,10,81
113.101152,573,97.12,0.535,10,89
113.128865,574,97.16,-0.631,10,77
113.156608,575,97.2,-0.458,10,74
113.184357,576,97.24,-0.848,10,73
113.212024,577,97.56,0.168,10,90
113.239751,578,97.6,-0.233,10,77
113.267412,579,97.64,-0.659,10,75
113.295123,580,97.68,0.788,10,71
113.322816,581,97.72,0.349,10,80
113.350517,582,97.76,0.914,10,75
113.378266,583,97.8,-0.849,10,81
113.406014,584,98.12,-0.224,10,84
113.433683,585,98.16,-0.893,10,79
113.4614,586,98.2,0.502,10,78
113.489127,587,98.24,0.45,10,82
113.516826,588,98.28,-0.244,10,77
113.544528,589,98.32,-0.946,10,74
113.572213,590,98.36,0.434,10,72
113.59993,591,98.68,-0.539,10,70
113.627672,592,98.72,0.238,10,86
113.655414,593,98.76,-0.688,10,85
113.683152,594,98.8,-0.297,10,77
113.710836,595,98.84,0.773,10,77
113.738529,596,98.88,-0.438,10,86
113.766185,597,98.92,-0.752,10,72
113.793865,598,98.96,0.125,10,79
113.821518,599,99.28,-0.54,10,82
113.849266,600,99.32,0.604,10,79
113.876941,601,99.36,0.292,10,81
113.904596,602,99.4,-0.958,10,84
113.932315,603,99.44,0.614,10,78
113.960054,604,99.48,-0.856,10,90
113.987708,605,99.52,-0.454,10,72
114.015379,606,99.84,0.398,10,82
114.04309,607,99.88,-0.173,10,73
114.070824,608,99.92,-0.966,10,88
114.098494,609,99.96,-0.308,10,77
114.126176,610,100.0,0.257,10,77
114.153872,611,100.04,-0.092,10,70
114.181571,612,100.08,-0.409,10,84
114.209285,613,100.4,0.097,10,85
114.236994,614,100.44,0.205,10,90
114.264734,615,100.48,0.076,10,88
114.292477,616,100.52,-0.156,10,77
114.32017,617,100.56,0.919,10,85
114.347865,618,100.6,-0.817,10,71
114.375602,619,100.64,0.455,10,70
114.403255,620,100.96,0.673,10,73
114.430943,621,101.0,-0.815,10,86
114.458682,622,101.04,-0.933,10,81
114.486422,623,101.08,-0.409,10,78
114.514116,624,101.12,-0.634,10,71
114.54178,625,101.16,-0.588,10,71
114.569459,626,101.2,-0.65,10,75
114.597133,627,101.52,-0.693,10,70
114.624833,628,101.56,0.14,10,85
114.65251,629,101.6,0.462,10,86
114.680169,630,101.64,-0.281,10,75
114.707895,631,101.68,-0.176,10,78
114.735563,632,101.72,-0.031,10,81
114.763294,633,101.76,-0.572,10,85
114.791014,634,101.8,0.563,10,86
114.818746,635,102.12,0.765,10,80
114.846422,636,102.16,0.601,10,70
114.874147,637,102.2,0.609,10,78
114.901808,638,102.24,0.959,10,84
114.929518,639,102.28,-0.761,10,84
114.9572,640,102.32,-0.256,10,87
114.984902,641,102.36,-0.176,10,83
115.012617,642,102.68,0.867,10,90
115.040327,643,102.72,-0.022,10,70
115.068034,644,102.76,0.707,10,85
115.095733,645,102.8,-0.202,10,80
115.123451,646,102.84,-0.837,10,81
115.15112,647,102.88,-0.679,10,82
115.178823,648,102.92,0.14,10,89
115.2065,649,103.24,-0.895,10,83
115.234178,650,103.28,-0.026,10,86
115.261894,651,103.32,-0.582,10,79
115.289552,652,103.36,0.498,10,74
115.317246,653,103.4,0.245,10,73
115.34492,654,103.44,-0.508,10,80
115.37264,655,103.48,-0.813,10,89
115.400367,656,103.8,0.933,10,72
115.428022,657,103.84,-0.729,10,76
115.455762,658,103.88,-0.888,10,77
115.483419,659,103.92,-0.396,10,85
115.511164,660,103.96,-0.508,10,79
115.538848,661,104.0,0.059,10,74
115.566594,662,104.04,0.65,10,78
115.594272,663,104.08,0.757,10,89
115.621971,664,104.4,0.679,10,77
115.649631,665,104.44,0.238,10,87
115.677368,666,104.48,-0.524,10,86
115.705052,667,104.52,-0.777,10,76
115.732707,668,104.56,-0.163,10,71
115.760364,669,104.6,0.222,10,72
115.788093,670,104.64,-0.108,10,83
115.815761,671,104.96,0.522,10,87
115.843495,672,105.0,0.374,10,72
115.871229,673,105.04,0.228,10,85
115.898958,674,105.08,0.362,10,80
115.926664,675,105.12,0.874,10,86
115.954343,676,105.16,-0.248,10,82
115.982022,677,105.2,-0.141,10,77
116.00975,678,105.52,0.785,10,72
116.037411,679,105.56,-0.992,10,81
116.065093,680,105.6,0.018,10,76
116.092786,681,105.64,0.59,10,87
116.120472,682,105.68,-0.146,10,80
116.148215,683,105.72,0.59,10,83
116.175936,684,105.76,-0.334,10,80
116.203644,685,106.08,0.231,10,82
116.231359,686,106.12,-0.293,10,88
116.259092,687,106.16,-0.993,10,84
116.286783,688,106.2,-0.588,10,74
116.314497,689,106.24,0.542,10,70
116.342172,690,106.28,0.227,10,74
116.369892,691,106.32,-0.416,10,74
116.397575,692,106.36,-0.08,10,72
116.425226,693,106.68,0.129,10,72
116.452888,694,106.72,-0.702,10,72
116.480602,695,106.76,0.009,10,80
116.508271,696,106.8,-0.992,10,88
116.535982,697,106.84,-0.439,10,84
116.563719,698,106.88,0.862,10,72
116.591393,699,106.92,0.133,10,73
116.619143,700,107.24,0.739,10,80
116.646876,701,107.28,0.532,10,76
116.674529,702,107.32,0.026,10,80
116.702244,703,107.36,0.226,10,90
116.729946,704,107.4,-0.047,10,70
116.757605,705,107.44,-0.297,10,82
116.785309,706,107.48,-0.255,10,78
116.812985,707,107.8,-0.672,10,77
116.840712,708,107.84,-0.152,10,85
116.868372,709,107.88,-0.077,10,76
116.896115,710,107.92,0.739,10,79
116.923839,711,107.96,-0.018,10,86
116.951572,712,108.0,-0.559,10,74
116.979304,713,108.04,0.048,10,73
117.007042,714,108.36,0.548,10,88
117.034754,715,108.4,-0.85,10,76
117.062496,716,108.44,-0.184,10,76
117.090158,717,108.48,0.752,10,89
117.117842,718,108.52,-0.864,10,75
117.145573,719,108.56,0.792,10,71
117.173273,720,108.6,-0.996,10,72
117.200923,721,108.64,-0.896,10,74
117.228617,722,108.96,-0.097,10,78
117.256274,723,109.0,-0.708,10,84
117.283984,724,109.04,0.718,10,83
117.311636,725,109.08,-0.194,10,73
117.33936,726,109.12,0.282,10,82
117.367061,727,109.16,0.107,10,71
117.394767,728,109.2,0.613,10,74
117.422502,729,109.52,0.801,10,78
117.45022,730,109.56,-0.474,10,87
117.477912,731,109.6,0.473,10,79
117.505594,732,109.64,0.412,10,82
117.533247,733,109.68,0.951,10,86
117.560929,734,109.72,-0.206,10,87
117.588605,735,109.76,0.009,10,71
117.616276,736,110.08,-0.607,10,75
117.644019,737,110.12,-0.837,10,77
117.671697,738,110.16,-0.023,10,75
117.699355,739,110.2,-0.792,10,76
117.727056,740,110.24,-0.812,10,79
117.754799,741,110.28,-0.391,10,75
117.78248,742,110.32,0.359,10,90
117.810153,743,110.64,0.691,10,85
117.837864,744,110.68,0.465,10,83
117.865556,745,110.72,0.833,10,73
117.893229,746,110.76,-0.99,10,73
117.920919,747,110.8,-0.621,10,89
117.948587,748,110.84,0.159,10,72
117.976309,749,110.88,-0.701,10,82
118.00403,750,111.2,-0.759,10,76
118.031693,751,111.24,0.565,10,79
118.059347,752,111.28,-0.26,10,87
118.087056,753,111.32,-0.363,10,82
118.11471,754,111.36,-0.412,10,74
118.142385,755,111.4,0.557,10,86
118.170036,756,111.44,-0.428,10,71
118.197696,757,111.76,-0.799,10,79
118.225364,758,111.8,0.849,10,84
118.253047,759,111.84,-0.246,10,88
118.280788,760,111.88,0.216,10,74
118.308483,761,111.92,0.421,10,75
118.336201,762,111.96,-0.95,10,72
118.363874,763,112.0,-0.31,10,80
118.391572,764,112.32,-0.141,10,80
118.419283,765,112.36,-0.096,10,72
118.446948,766,112.4,-0.887,10,86
118.474684,767,112.44,-0.436,10,83
118.502388,768,112.48,-0.694,10,90
118.530066,769,112.52,-0.074,10,70
118.557803,770,112.56,0.293,10,89
118.585482,771,112.6,0.356,10,70
118.613149,772,112.92,0.114,10,73
118.640859,773,112.96,0.042,10,78
118.668546,774,113.0,0.765,10,87
118.696278,775,113.04,0.242,10,72
118.723999,776,113.08,0.677,10,75
118.751746,777,113.12,-0.743,10,78
118.779438,778,113.16,-0.47,10,76
118.807156,779,113.48,-0.29,10,79
118.834842,780,113.52,0.177,10,74
118.862562,781,113.56,-0.055,10,83
118.890233,782,113.6,0.651,10,83
118.917953,783,113.64,0.354,10,74
118.945685,784,113.68,0.093,10,82
118.97339,785,113.72,-0.593,10,89
119.001126,786,114.04,-0.708,10,86
119.02887,787,114.08,0.423,10,87
119.056524,788,114.12,-0.781,10,86
119.084237,789,114.16,0.193,10,85
119.111902,790,114.2,-0.77,10,85
119.139587,791,114.24,0.165,10,79
119.167246,792,114.28,-0.748,10,72
119.19498,793,114.6,-0.995,10,84
119.222717,794,114.64,-0.329,10,82
119.250388,795,114.68,0.221,10,76
119.278075,796,114.72,0.661,10,71
119.305798,797,114.76,0.871,10,76
119.333536,798,114.8,0.936,10,72
119.361226,799,114.84,0.653,10,89
119.388931,800,115.16,0.139,10,80
119.416651,801,115.2,0.929,10,77
119.444319,802,115.24,0.643,10,89
119.472001,803,115.28,0.207,10,75
119.499747,804,115.32,0.381,10,72
119.527481,805,115.36,-0.741,10,89
119.555212,806,115.4,-0.178,10,90
119.582933,807,115.44,-0.096,10,73
119.610627,808,115.76,0.382,10,79
119.638364,809,115.8,-0.523,10,71
119.66607,810,115.84,0.71,10,81
119.693742,811,115.88,0.907,10,76
119.721473,812,115.92,-0.482,10,73
119.749211,813,115.96,0.074,10,77
119.776902,814,116.0,0.663,10,79
119.804574,815,116.32,0.62,10,82
119.832306,816,116.36,0.983,10,88
119.860015,817,116.4,-0.734,10,71
119.88771,818,116.44,-0.235,10,90
119.915424,819,116.48,-0.791,10,89
119.943152,820,116.52,-0.243,10,87
119.970839,821,116.56,0.549,10,85
119.998521,822,116.88,-0.543,10,82
120.026249,823,116.92,-0.45,10,74
120.053941,824,116.96,0.546,10,76
120.081651,825,117.0,-0.952,10,76
120.109392,826,117.04,0.027,10,90
120.137122,827,117.08,-0.251,10,88
120.164828,828,117.12,0.597,10,74
120.192513,829,117.44,-0.195,10,79
120.220218,830,117.48,-0.071,10,81
120.24788,831,117.52,0.642,10,82
120.275602,832,117.56,-0.229,10,89
120.303271,833,117.6,-0.97,10,79
120.33102,834,117.64,-0.871,10,76
120.358728,835,117.68,0.707,10,88
120.386473,836,117.72,-0.791,10,77
120.414202,837,118.04,-0.97,10,80
120.441901,838,118.08,0.208,10,75
120.469571,839,118.12,0.418,10,83
120.497287,840,118.16,0.129,10,81
120.525024,841,118.2,-0.196,10,73
120.552741,842,118.24,-0.115,10,86
120.580476,843,118.28,0.249,10,90
120.608182,844,118.6,-0.151,10,81
120.635844,845,118.64,-0.384,10,89
120.663515,846,118.68,0.304,10,90
120.691239,847,118.72,0.652,10,77
120.718906,848,118.76,0.527,10,75
120.746643,849,118.8,-0.459,10,84
120.774342,850,118.84,-0.816,10,75
120.802059,851,119.109,0.961,10,88
120.829782,852,119.106,0.806,10,78
120.857435,853,119.14,-0.065,10,84
120.885108,854,119.138,0.757,10,82
120.912763,855,119.097,0.17,10,71
120.940481,856,119.144,-0.623,10,72
120.968134,857,119.106,0.788,10,75
120.995805,858,119.418,-0.248,10,90
121.023514,859,119.405,-0.932,10,71
121.051172,860,119.388,-0.347,10,73
121.078873,861,119.381,0.7,10,78
121.10658,862,119.4,0.527,10,76
121.134313,863,119.403,0.201,10,84
121.162019,864,119.388,0.148,10,77
121.189726,865,119.656,0.352,10,70
121.217414,866,119.704,0.639,10,72
121.245157,867,119.66,-0.438,10,85
121.272879,868,119.683,-0.103,10,71
121.300586,869,119.684,-0.464,10,86
121.328315,870,119.657,-0.879,10,75
121.356008,871,119.703,-0.873,10,87
121.383729,872,119.944,0.914,10,73
121.411382,873,119.947,0.876,10,76
121.43905,874,119.953,0.562,10,87
121.466752,875,119.94,-0.454,10,83
121.494425,876,119.946,-0.943,10,71
121.52217,877,119.982,0.576,10,75
121.549848,878,119.959,0.598,10,81
121.577557,879,120.249,0.214,10,73
121.605266,880,120.222,-0.137,10,84
121.632992,881,120.254,0.414,10,78
121.660682,882,120.251,0.104,10,79
121.688373,883,120.221,-0.811,10,75
121.716085,884,120.228,-0.379,10,77
121.743745,885,120.245,0.063,10,70
121.771463,886,119.981,-0.501,10,71
121.799163,887,119.971,0.77,10,75
121.826832,888,119.969,0.877,10,88
121.854572,889,119.985,0.859,10,81
121.882231,890,119.958,0.45,10,83
121.909925,891,119.985,-0.252,10,89
121.937628,892,119.99,-0.713,10,90
121.965292,893,119.987,-0.342,10,89
121.992974,894,119.977,-0.289,10,86
122.020625,895,120.001,-0.161,10,83
122.048309,896,119.998,0.735,10,77
122.076008,897,119.977,-0.861,10,72
122.103705,898,119.988,0.189,10,73
122.131444,899,120.008,-0.753,10,86
122.159179,900,119.981,0.478,10,86
122.18683,901,119.976,0.22,10,90
122.214518,902,119.983,-0.25,10,87
122.242233,903,119.977,0.76,10,81
122.269961,904,119.993,0.275,10,76
122.297616,905,119.976,0.709,10,84
122.32529,906,120.007,-0.97,10,85
122.353033,907,119.963,0.767,10,81
122.38069,908,120.02,0.885,10,86
122.408421,909,120.007,0.774,10,87
122.436074,910,120.011,0.939,10,72
122.463755,911,119.977,-0.28,10,86
122.4915,912,119.977,-0.239,10,79
122.519195,913,120.017,0.187,10,79
122.546873,914,119.978,-0.923,10,71
122.574606,915,120.013,0.797,10,86
122.602293,916,120.013,0.549,10,75
122.629973,917,119.975,-0.71,10,70
122.657707,918,120.0,-0.202,10,84
122.68542,919,119.991,0.73,10,88
122.713162,920,119.999,0.401,10,75
122.740833,921,119.997,-0.032,10,74
122.768567,922,120.011,-0.605,10,87
122.796258,923,119.974,0.336,10,82
122.823949,924,119.969,-0.51,10,83
122.851603,925,119.977,0.404,10,89
122.879312,926,119.958,-0.926,10,85
122.906985,927,119.954,-0.679,10,85
122.934647,928,119.974,0.882,10,70
122.962331,929,119.936,0.119,10,77
122.990059,930,120.016,-0.586,10,77
123.017769,931,120.044,0.096,10,75
123.045472,932,120.024,0.47,10,72
123.073178,933,120.011,-0.873,10,88
123.100836,934,120.044,-0.896,10,83
123.12857,935,120.013,-0.518,10,85
123.156226,936,120.023,-0.173,10,71
123.183895,937,120.009,0.314,10,87
123.211565,938,119.987,-0.939,10,83
123.239265,939,120.028,-0.965,10,87
123.266973,940,119.993,0.213,10,74
123.294675,941,120.023,0.595,10,78
123.3224,942,120.007,-0.666,10,72
123.35009,943,120.019,0.855,10,79
123.377769,944,120.014,0.443,10,77
123.40546,945,120.029,-0.095,10,90
123.433125,946,120.012,-0.575,10,79
123.460852,947,119.988,0.619,10,89
123.488546,948,119.981,-0.865,10,86
123.516232,949,119.981,-0.741,10,87
123.543891,950,120.011,-0.991,10,73
123.57162,951,120.025,0.212,10,74
123.5993,952,120.037,-0.022,10,87
123.626969,953,120.059,-0.42,10,82
123.654707,954,120.018,0.164,10,77
123.682383,955,120.043,-0.127,10,76
123.710061,956,120.019,0.66,10,76
123.737751,957,120.054,-0.462,10,75
123.765442,958,120.044,-0.53,10,85
123.793153,959,120.018,0.416,10,72
123.820862,960,120.032,0.865,10,86
123.848516,961,120.037,0.837,10,73
123.876242,962,120.056,0.715,10,71
123.903938,963,120.047,0.575,10,70
123.931639,964,120.029,-0.224,10,83
123.959318,965,120.034,-0.053,10,84
123.987056,966,119.995,-0.225,10,83
124.014735,967,120.007,-0.759,10,79
124.04245,968,120.02,0.918,10,74
124.070198,969,119.984,-0.585,10,77
124.097921,970,120.006,-0.147,10,77
124.125643,971,120.007,-0.711,10,75
124.153319,972,119.987,0.101,10,87
124.181022,973,120.013,-0.97,10,84
124.208729,974,119.981,-0.517,10,84
124.236477,975,119.977,0.441,10,83
124.264211,976,120.025,0.695,10,81
124.291866,977,119.979,-0.61,10,73
124.319586,978,120.009,0.502,10,72
124.34727,979,119.977,-0.723,10,89
124.374963,980,120.021,-0.429,10,79
124.402677,981,120.022,-0.925,10,77
124.430375,982,120.023,-0.594,10,89
124.458117,983,120.024,0.828,10,81
124.485779,984,120.02,-0.19,10,85
124.513439,985,120.035,0.164,10,79
124.541121,986,120.006,0.576,10,74
124.56881,987,119.989,0.456,10,86
124.596559,988,119.987,-0.471,10,72
124.624252,989,119.992,0.763,10,82
124.651954,990,119.976,-0.877,10,71
124.6797,991,119.96,-0.732,10,74
124.707446,992,119.969,-0.771,10,75
124.735114,993,119.974,-0.239,10,82
124.762844,994,119.984,0.799,10,70
124.790579,995,120.007,0.896,10,81
124.818286,996,119.97,0.812,10,73
124.845985,997,120.0,0.716,10,85
124.873683,998,119.996,0.27,10,86
124.901422,999,119.965,-0.733,10,79
124.929084,1000,120.001,0.857,10,80
124.956772,1001,119.969,-0.788,10,89
124.984489,1002,120.011,0.247,10,85
125.012222,1003,119.993,-0.19,10,71
125.039967,1004,119.996,0.04,10,83
125.067711,1005,119.99,0.532,10,76
125.095406,1006,120.008,-0.464,10,78
125.12314,1007,120.011,0.498,10,81
125.150889,1008,120.025,0.984,10,84
125.178597,1009,119.983,-0.279,10,90
125.206287,1010,119.979,-0.863,10,81
125.234,1011,119.952,-0.492,10,78
125.261712,1012,119.968,-0.707,10,73
125.289367,1013,119.969,0.246,10,81
125.317045,1014,119.965,-0.713,10,76
125.344713,1015,119.944,0.98,10,77
125.372391,1016,119.981,0.754,10,90
125.400063,1017,120.023,0.655,10,76
125.42775,1018,120.019,0.025,10,76
125.455463,1019,120.023,0.812,10,71
125.483118,1020,120.011,-0.177,10,90
125.510803,1021,120.016,-0.21,10,80
125.538493,1022,120.007,0.776,10,90
125.566242,1023,120.013,-0.052,10,88
125.593966,1024,119.984,-0.252,10,76
125.621648,1025,120.023,-0.352,10,85
125.649364,1026,120.005,0.922,10,71
125.677038,1027,119.995,0.185,10,75
125.704782,1028,120.013,0.266,10,74
125.73251,1029,120.014,0.564,10,71
125.760258,1030,120.017,-0.637,10,73
125.787909,1031,120.019,-0.765,10,80
125.815583,1032,120.011,0.705,10,73
125.84324,1033,120.032,0.117,10,83
125.870928,1034,120.006,0.734,10,81
125.898599,1035,119.987,0.984,10,75
125.926341,1036,120.031,-0.135,10,85
125.954011,1037,119.996,0.544,10,83
125.981668,1038,120.023,0.358,10,82
126.009344,1039,120.034,0.531,10,83
126.03706,1040,120.003,-0.104,10,81
126.064801,1041,120.038,0.128,10,75
126.092491,1042,120.01,0.08,10,81
126.120195,1043,120.049,0.652,10,79
126.147893,1044,120.048,-0.993,10,74
126.175548,1045,120.013,-0.18,10,75
126.203289,1046,120.009,-0.21,10,90
126.230981,1047,119.988,0.704,10,77
126.258715,1048,120.014,0.259,10,73
126.286459,1049,119.982,0.759,10,73
126.314166,1050,120.02,-0.335,10,85
126.341914,1051,119.993,-0.02,10,77
126.369649,1052,119.996,-0.079,10,82
126.39737,1053,119.974,-0.254,10,70
126.425045,1054,119.976,-0.833,10,81
126.452788,1055,119.978,0.76,10,71
126.480527,1056,119.996,-0.259,10,82
126.508214,1057,120.013,0.389,10,80
126.535942,1058,119.98,0.449,10,83
126.563613,1059,120.018,0.831,10,77
126.591321,1060,120.014,-0.514,10,88
126.619022,1061,119.993,0.628,10,84
126.646674,1062,120.01,0.509,10,88
126.674422,1063,120.013,-0.595,10,73
126.702092,1064,120.016,0.386,10,72
126.729828,1065,120.004,-0.831,10,84
126.757578,1066,120.001,0.443,10,88
126.785237,1067,120.019,0.472,10,83
126.812928,1068,120.037,0.64,10,88
126.840665,1069,120.026,-0.368,10,77
126.868335,1070,120.006,0.011,10,84
126.896078,1071,120.029,-0.216,10,84
126.923763,1072,120.008,0.245,10,75
126.951467,1073,120.013,-0.055,10,78
126.979206,1074,120.022,-0.334,10,85
127.006871,1075,120.008,-0.8,10,81
127.034595,1076,119.969,0.566,10,84
127.062297,1077,120.012,0.954,10,87
127.090021,1078,120.01,0.841,10,70
127.117678,1079,119.98,-0.998,10,75
127.14535,1080,119.993,0.296,10,71
127.173063,1081,120.005,0.746,10,77
127.200716,1082,120.013,0.897,10,85
127.228419,1083,119.974,0.505,10,82
127.256108,1084,119.969,0.398,10,87
127.283853,1085,119.966,0.745,10,79
127.311582,1086,119.966,-0.9,10,71
127.339291,1087,119.99,-0.222,10,70
127.36703,1088,119.975,-0.048,10,71
127.394718,1089,119.992,0.645,10,77
127.422374,1090,119.98,0.864,10,72
127.450065,1091,119.977,-0.147,10,78
127.477774,1092,120.02,0.768,10,83
127.50551,1093,119.984,-0.26,10,84
127.533198,1094,119.985,0.433,10,70
127.560919,1095,119.976,-0.472,10,72
127.588616,1096,120.019,0.987,10,75
127.616283,1097,120.026,0.728,10,80
127.644002,1098,119.99,0.005,10,70
127.6717,1099,120.012,-0.935,10,70
127.699352,1100,120.035,-0.237,10,86
127.727066,1101,120.013,-0.807,10,71
127.754748,1102,120.016,-0.646,10,80
127.782461,1103,120.002,-0.063,10,85
127.810124,1104,120.012,-0.146,10,84
127.837779,1105,119.967,-0.746,10,77
127.865467,1106,119.97,0.732,10,76
127.89315,1107,119.995,-0.4,10,83
127.920824,1108,119.99,0.048,10,87
127.948481,1109,119.971,-0.386,10,73
127.976165,1110,120.005,0.88,10,82
128.003853,1111,120.014,0.378,10,79
128.031586,1112,119.938,0.605,10,86
128.059315,1113,119.979,0.931,10,83
128.086967,1114,119.951,-0.606,10,77
128.114619,1115,119.981,-0.991,10,85
128.142275,1116,119.956,-0.527,10,75
128.169969,1117,119.966,0.215,10,80
128.197712,1118,119.98,-0.854,10,89
128.225434,1119,119.998,0.747,10,75
128.253123,1120,120.019,0.178,10,80
128.280862,1121,120.012,-0.191,10,74
128.308584,1122,120.038,-0.208,10,86
128.336302,1123,119.996,0.684,10,89
128.364037,1124,119.998,-0.991,10,89
128.391715,1125,120.027,0.573,10,89
128.419409,1126,120.027,-0.555,10,71
128.447117,1127,119.99,-0.253,10,75
128.474812,1128,119.988,0.913,10,78
128.502498,1129,120.005,0.871,10,73
128.530159,1130,119.993,0.835,10,85
128.557859,1131,120.027,-0.376,10,89
128.585562,1132,120.017,-0.437,10,80
128.613301,1133,119.987,-0.66,10,89
128.641025,1134,120.004,-0.24,10,88
128.668729,1135,120.0,-0.679,10,81
128.696434,1136,119.985,-0.686,10,89
128.72411,1137,119.976,0.891,10,81
128.751824,1138,119.99,-0.636,10,71
128.779483,1139,120.018,-0.209,10,83
128.807149,1140,119.994,-0.557,10,70
128.834862,1141,120.037,0.744,10,73
128.862593,1142,120.037,-0.275,10,79
128.890333,1143,120.058,-0.225,10,75
128.918073,1144,120.016,0.374,10,87
128.945733,1145,120.018,-0.548,10,86
128.973429,1146,120.035,0.77,10,83
129.001142,1147,120.054,-0.555,10,74
129.028847,1148,120.016,0.926,10,84
129.056563,1149,120.042,-0.26,10,71
129.08429,1150,120.046,0.826,10,70
129.111953,1151,120.021,0.817,10,83
129.139616,1152,120.034,-0.868,10,80
129.167301,1153,120.028,-0.282,10,90
129.195014,1154,120.029,-0.254,10,87
129.222678,1155,120.027,-0.793,10,75
129.250414,1156,120.052,-0.175,10,77
129.278065,1157,120.051,0.388,10,83
129.305724,1158,120.05,0.26,10,87
129.333382,1159,120.015,0.422,10,81
129.361042,1160,120.025,0.864,10,79
129.388751,1161,120.017,-0.681,10,90
129.416447,1162,120.002,0.658,10,78
129.444194,1163,119.968,0.648,10,88
129.47191,1164,119.991,0.648,10,81
129.499566,1165,119.986,0.773,10,74
129.527252,1166,119.989,-0.023,10,86
129.554922,1167,119.964,0.569,10,82
129.582669,1168,120.005,-0.049,10,77
129.610371,1169,119.982,-0.736,10,90
129.638106,1170,119.99,-0.786,10,87
129.665856,1171,119.995,-0.162,10,71
129.693547,1172,119.983,0.301,10,88
129.721296,1173,120.012,-0.509,10,90
129.74901,1174,120.01,-0.666,10,83
129.776673,1175,119.986,0.35,10,71
129.804417,1176,119.964,0.412,10,86
129.832133,1177,119.965,0.123,10,86
129.859843,1178,119.994,0.575,10,84
129.887495,1179,119.971,-0.024,10,89
129.915176,1180,119.998,0.115,10,84
129.942914,1181,119.971,0.673,10,85
129.970649,1182,119.976,0.011,10,71
129.998313,1183,119.974,0.742,10,71
130.026054,1184,119.963,-0.121,10,72
130.053749,1185,119.951,0.299,10,76
130.081459,1186,119.971,0.335,10,80
130.109151,1187,119.961,0.658,10,89
130.136878,1188,119.978,-0.243,10,86
130.164577,1189,119.979,0.743,10,82
130.19229,1190,120.001,0.877,10,90
130.219957,1191,119.994,0.813,10,87
130.247638,1192,120.004,-0.545,10,85
130.275311,1193,120.035,0.994,10,80
130.303041,1194,120.04,0.089,10,86
130.330737,1195,120.028,0.943,10,82
130.358484,1196,120.039,0.941,10,88
130.386227,1197,119.943,0.451,10,78
130.413898,1198,119.981,-0.046,10,71
130.441646,1199,119.966,0.834,10,72
130.469385,1200,119.976,-0.623,10,83
130.497059,1201,119.963,0.504,10,90
130.524791,1202,119.945,0.649,10,81
130.552507,1203,119.983,-0.829,10,70
130.58025,1204,119.971,0.185,10,81
130.60798,1205,120.035,-0.589,10,79
130.635703,1206,120.02,-0.987,10,70
130.663433,1207,120.057,-0.919,10,75
130.691148,1208,120.051,0.991,10,74
130.71881,1209,120.012,-0.186,10,85
130.746519,1210,120.012,-0.752,10,73
130.7742,1211,120.043,0.881,10,77
130.80194,1212,120.013,0.074,10,85
130.829657,1213,120.023,0.553,10,72
130.857373,1214,120.032,-0.03,10,72
130.885027,1215,120.017,0.65,10,72
130.912725,1216,120.019,-0.556,10,86
130.940397,1217,120.019,0.602,10,86
130.968101,1218,120.025,0.724,10,73
130.995803,1219,120.024,-0.975,10,85
131.02355,1220,120.002,-0.495,10,90
131.05124,1221,119.994,-0.58,10,70
131.078921,1222,119.969,0.999,10,83
131.106591,1223,120.009,-0.417,10,75
131.13434,1224,119.99,0.462,10,86
131.162009,1225,119.981,-0.677,10,88
131.189742,1226,119.993,-0.065,10,86
131.217438,1227,120.026,-0.248,10,73
131.245088,1228,120.049,-0.035,10,76
131.272797,1229,120.013,-0.154,10,78
131.300495,1230,120.025,-0.967,10,85
131.328153,1231,120.012,0.932,10,72
131.355878,1232,120.018,-0.572,10,85
131.383603,1233,120.016,-0.472,10,85
131.411277,1234,119.968,-0.155,10,87
131.439,1235,120.006,-0.999,10,75
131.466671,1236,120.001,0.069,10,87
131.494417,1237,120.008,0.208,10,70
131.522129,1238,119.974,-0.02,10,70
131.54987,1239,119.968,-0.282,10,77
131.577555,1240,120.013,0.664,10,76
131.605255,1241,119.977,0.001,10,74
131.63296,1242,119.934,0.081,10,83
131.660683,1243,119.973,0.252,10,82
131.688362,1244,119.948,0.986,10,84
131.716034,1245,119.95,-0.404,10,83
131.743733,1246,119.941,-0.178,10,78
131.771426,1247,119.96,0.111,10,85
131.799164,1248,120.012,-0.922,10,71
131.82685,1249,120.021,0.878,10,84
131.854506,1250,120.011,-0.074,10,86
131.88217,1251,120.026,-0.428,10,79
131.909823,1252,119.995,-0.621,10,78
131.93749,1253,119.999,-0.755,10,81
131.965167,1254,119.999,0.885,10,85
131.99284,1255,120.034,0.047,10,72
132.020561,1256,120.014,0.468,10,70
132.04828,1257,120.012,-0.459,10,77
132.075984,1258,119.986,0.272,10,71
132.103664,1259,119.992,-0.185,10,77
132.131383,1260,119.988,0.976,10,77
132.159095,1261,119.997,0.199,10,70
132.186804,1262,120.005,0.139,10,84
132.214507,1263,119.992,0.008,10,70
132.242179,1264,119.986,-0.248,10,87
132.269842,1265,119.992,0.592,10,70
132.297554,1266,119.992,0.741,10,73
132.325265,1267,119.969,-0.201,10,87
132.352974,1268,119.965,-0.398,10,86
132.380651,1269,119.957,0.964,10,78
132.408391,1270,119.995,-0.483,10,86
132.436096,1271,119.989,-0.938,10,74
132.463845,1272,120.021,0.133,10,79
132.491551,1273,120.006,-0.452,10,78
132.519215,1274,119.987,-0.0,10,74
132.54695,1275,120.017,0.465,10,80
132.574645,1276,120.022,-0.441,10,78
132.602297,1277,120.023,0.698,10,80
132.630012,1278,120.012,-0.164,10,80
132.657757,1279,120.018,0.36,10,85
132.685492,1280,120.041,-0.293,10,70
132.713161,1281,120.01,-0.862,10,90
132.740837,1282,120.019,0.032,10,79
132.768493,1283,120.02,0.034,10,82
132.79624,1284,120.001,0.073,10,70
132.823939,1285,120.033,-0.677,10,75
132.851682,1286,120.013,0.519,10,84
132.879426,1287,120.026,0.962,10,90
132.907086,1288,120.019,-0.912,10,81
132.934824,1289,119.988,-0.871,10,87
132.962549,1290,119.993,-0.553,10,88
132.990229,1291,119.942,0.273,10,74
133.017926,1292,119.969,-0.48,10,73
133.045667,1293,119.958,-0.524,10,79
133.073348,1294,119.934,-0.528,10,75
133.10105,1295,119.963,0.828,10,80
133.128715,1296,119.936,-0.47,10,81
133.156405,1297,119.975,-0.552,10,70
133.184108,1298,120.056,-0.305,10,87
133.211779,1299,120.019,-0.415,10,81
133.239469,1300,120.026,0.133,10,77
133.267178,1301,120.031,0.664,10,80
133.294886,1302,120.011,0.425,10,71
133.322599,1303,120.047,-0.279,10,83
133.35031,1304,120.011,-0.111,10,76
133.378027,1305,120.041,0.001,10,82
133.40576,1306,120.049,0.656,10,77
133.433421,1307,120.026,-0.153,10,87
133.461165,1308,120.033,0.032,10,72
133.488855,1309,120.01,-0.439,10,89
133.516534,1310,120.041,0.282,10,85
133.544281,1311,120.014,0.512,10,78
133.572026,1312,120.045,-0.698,10,82
133.599754,1313,120.019,-0.748,10,78
133.627474,1314,120.031,0.427,10,72
133.655153,1315,120.029,0.299,10,74
133.682861,1316,120.059,-0.021,10,85
133.710541,1317,120.015,-0.623,10,79
133.738284,1318,120.059,0.128,10,88
133.766017,1319,120.049,0.136,10,80
133.793748,1320,119.951,0.124,10,75
133.821432,1321,119.945,-0.801,10,90
133.849111,1322,119.96,0.166,10,73
133.876805,1323,119.969,-0.622,10,74
133.904473,1324,119.962,0.24,10,78
133.932149,1325,119.98,-0.914,10,87
133.95981,1326,119.968,-0.391,10,84
133.987461,1327,120.002,-0.753,10,70
134.015121,1328,120.029,-0.172,10,80
134.042834,1329,120.028,-0.531,10,90
134.070529,1330,120.023,-0.221,10,87
134.098203,1331,120.031,0.609,10,88
134.125898,1332,120.023,-0.6,10,81
134.153645,1333,120.019,0.185,10,90
134.181335,1334,120.058,0.789,10,72
134.209036,1335,120.05,-0.113,10,87
134.236742,1336,120.015,-0.735,10,81
134.264439,1337,120.014,0.657,10,77
134.292096,1338,120.011,-0.872,10,88
134.319813,1339,120.01,-0.484,10,82
134.347504,1340,120.019,0.28,10,76
134.375177,1341,119.997,-0.624,10,85
134.402927,1342,119.992,0.156,10,82
134.430591,1343,119.989,0.146,10,72
134.45829,1344,119.976,0.052,10,73
134.486034,1345,120.011,-0.423,10,84
134.513684,1346,119.99,0.22,10,78
134.541433,1347,119.983,0.807,10,74
134.569165,1348,120.005,-0.039,10,81
134.596867,1349,120.034,-0.766,10,77
134.624537,1350,120.012,0.995,10,81
134.652221,1351,120.037,0.22,10,86
134.679925,1352,120.022,-0.535,10,80
134.707659,1353,120.04,0.04,10,87
134.735341,1354,120.007,-0.59,10,90
134.763009,1355,120.012,-0.158,10,72
134.79075,1356,120.028,0.804,10,71
134.818409,1357,120.029,-0.854,10,78
134.84613,1358,120.005,-0.842,10,84
134.873837,1359,120.001,-0.469,10,74
134.901522,1360,120.01,-0.618,10,71
134.929195,1361,119.995,0.392,10,87
134.956943,1362,119.984,0.007,10,83
134.984671,1363,119.939,-0.138,10,76
135.012398,1364,119.953,0.42,10,83
135.040125,1365,119.975,0.483,10,72
135.067864,1366,119.966,0.486,10,75
135.095588,1367,119.947,-0.311,10,87
135.123277,1368,119.974,0.819,10,86
135.150945,1369,119.964,-0.305,10,79
135.17862,1370,120.015,0.517,10,88
135.206282,1371,120.014,0.137,10,74
135.233961,1372,120.006,0.537,10,73
135.261621,1373,120.014,0.234,10,87
135.289335,1374,120.005,-0.806,10,85
135.317005,1375,119.989,-0.521,10,74
135.344737,1376,120.024,0.785,10,80
135.372425,1377,120.004,0.478,10,85
135.400091,1378,120.002,0.492,10,74
135.427758,1379,120.003,0.472,10,83
135.455482,1380,119.981,-0.554,10,73
135.483197,1381,120.003,0.484,10,86
135.510865,1382,119.97,0.045,10,85
135.538539,1383,119.964,-0.62,10,82
135.566257,1384,119.98,0.319,10,79
135.593949,1385,120.006,-0.402,10,79
135.62164,1386,119.994,0.01,10,87
135.649388,1387,119.964,-0.824,10,90
135.677125,1388,119.995,0.485,10,88
135.704831,1389,119.996,0.164,10,80
135.732559,1390,119.959,0.088,10,78
135.760251,1391,120.067,-0.735,10,84
135.787972,1392,120.047,-0.578,10,82
135.815691,1393,120.068,-0.447,10,83
135.843374,1394,120.02,-0.889,10,80
135.871076,1395,120.046,-0.484,10,82
135.898772,1396,120.062,0.683,10,77
135.926488,1397,120.027,-0.424,10,78
135.954202,1398,120.056,-0.198,10,78
135.981914,1399,119.979,0.413,10,80
136.00966,1400,120.012,0.015,10,70
136.037384,1401,119.981,-0.51,10,74
136.065075,1402,119.989,-0.492,10,85
136.09274,1403,119.995,-0.997,10,75
136.120401,1404,119.974,0.344,10,73
136.148116,1405,119.972,-0.187,10,77
136.175791,1406,120.066,-0.72,10,71
136.203487,1407,120.062,0.062,10,72
136.231233,1408,120.053,0.425,10,86
136.258982,1409,120.067,0.418,10,77
136.286683,1410,120.037,0.508,10,90
136.314368,1411,120.049,-0.706,10,71
136.342046,1412,120.05,-0.179,10,84
136.369705,1413,120.016,-0.788,10,87
136.397382,1414,120.056,0.24,10,81
136.425081,1415,120.02,0.178,10,73
136.452749,1416,120.032,0.694,10,90
136.480446,1417,120.037,0.559,10,73
136.508158,1418,120.048,-0.316,10,72
136.535853,1419,120.03,0.371,10,81
136.563508,1420,119.979,0.886,10,90
136.591171,1421,119.974,-0.201,10,70
136.618835,1422,119.952,0.289,10,85
136.64652,1423,119.977,0.006,10,88
136.674204,1424,119.966,-0.057,10,74
136.701939,1425,119.975,0.592,10,83
136.729641,1426,119.95,-0.968,10,74
136.757387,1427,120.007,0.476,10,88
136.785045,1428,120.01,0.862,10,80
136.812772,1429,120.035,0.638,10,77
136.840504,1430,120.022,-0.947,10,76
136.868243,1431,120.003,0.19,10,89
136.895913,1432,119.999,0.099,10,86
136.92358,1433,120.01,-0.732,10,87
136.95132,1434,119.951,-0.371,10,78
136.979032,1435,119.953,0.172,10,90
137.006764,1436,119.948,-0.884,10,80
137.034475,1437,119.971,-0.083,10,72
137.06222,1438,119.981,0.02,10,70
137.089873,1439,119.947,0.136,10,74
137.117591,1440,119.966,-0.379,10,83
137.145247,1441,119.964,0.261,10,82
137.172974,1442,119.947,-0.5,10,70
137.200628,1443,119.951,-0.193,10,77
137.22834,1444,119.968,0.078,10,78
137.256089,1445,119.959,0.391,10,82
137.283831,1446,119.986,-0.337,10,70
137.311512,1447,119.956,-0.034,10,77
137.339236,1448,119.967,-0.98,10,73
137.366894,1449,120.004,-0.921,10,75
137.39462,1450,120.014,-0.973,10,79
137.422282,1451,120.041,0.606,10,74
137.45,1452,120.034,0.95,10,88
137.477734,1453,120.041,0.414,10,75
137.50541,1454,120.02,-0.756,10,79
137.533089,1455,119.996,0.356,10,80
137.560769,1456,120.013,-0.934,10,74
137.588482,1457,119.967,0.818,10,77
137.616135,1458,120.007,0.595,10,82
137.64386,1459,119.971,-0.983,10,82
137.671521,1460,119.979,-0.917,10,71
137.699241,1461,120.013,0.4,10,80
137.726913,1462,119.978,0.697,10,71
137.754594,1463,119.97,0.864,10,86
137.782271,1464,119.973,-0.826,10,88
137.809998,1465,119.948,-0.012,10,89
137.837664,1466,119.972,-0.069,10,84
137.865326,1467,119.966,0.219,10,87
137.893031,1468,119.99,0.734,10,79
137.92069,1469,119.98,0.252,10,80
137.948349,1470,119.955,0.186,10,84
137.976012,1471,120.004,0.454,10,76
138.003707,1472,119.988,-0.792,10,85
138.031399,1473,119.995,-0.628,10,85
138.059098,1474,120.03,0.951,10,70
138.086829,1475,120.005,-0.166,10,79
138.114557,1476,120.011,0.046,10,84
138.142256,1477,120.014,-0.021,10,71
138.169917,1478,120.052,0.361,10,89
138.197589,1479,120.017,0.759,10,78
138.225335,1480,120.008,0.905,10,77
138.25302,1481,120.041,0.32,10,75
138.280717,1482,120.027,-0.064,10,75
138.308415,1483,120.034,-0.555,10,76
138.336164,1484,120.056,-0.767,10,79
138.36383,1485,120.016,0.923,10,76
138.391554,1486,120.053,0.997,10,75
138.419291,1487,120.018,-0.346,10,70
138.44698,1488,120.035,0.364,10,89
138.474642,1489,120.01,0.183,10,75
138.502315,1490,120.01,0.264,10,80
138.530007,1491,120.051,0.896,10,90
138.557757,1492,120.006,-0.452,10,77
138.58545,1493,119.976,0.158,10,83
138.613169,1494,120.007,0.646,10,86
138.640896,1495,120.007,0.703,10,80
138.668551,1496,119.984,-0.075,10,70
138.696247,1497,119.994,0.34,10,71
138.723921,1498,119.984,0.841,10,89
138.751643,1499,119.996,-0.861,10,84
138.779346,1500,119.984,-0.127,10,71
138.807014,1501,119.953,0.982,10,86
138.834706,1502,119.953,-0.242,10,70
138.862389,1503,119.994,0.578,10,84
138.890056,1504,119.976,0.934,10,71
138.917773,1505,119.987,0.472,10,84
138.945509,1506,119.966,-0.297,10,70
138.973226,1507,120.04,0.152,10,81
139.00095,1508,120.046,-0.998,10,82
139.028622,1509,120.036,-0.976,10,81
139.056331,1510,120.042,0.979,10,80
139.084,1511,120.026,0.491,10,85
139.11173,1512,120.022,0.342,10,76
139.139439,1513,120.041,-0.805,10,82
139.167151,1514,120.034,0.38,10,87
139.194862,1515,120.049,-0.199,10,72
139.222602,1516,120.008,0.281,10,85
139.250328,1517,120.007,-0.336,10,85
139.278013,1518,120.038,-0.532,10,88
139.305706,1519,120.005,-0.918,10,83
139.333385,1520,120.01,-0.888,10,74
139.361123,1521,120.004,0.99,10,89
139.388779,1522,120.005,0.287,10,73
139.416446,1523,120.004,-0.372,10,70
139.444167,1524,120.004,0.218,10,72
139.471886,1525,119.966,0.75,10,83
139.499559,1526,119.974,-0.22,10,75
139.527307,1527,119.963,0.334,10,74
139.555006,1528,119.982,-0.01,10,70
139.58267,1529,119.993,-0.938,10,84
139.610332,1530,119.986,-0.0,10,79
139.638073,1531,119.975,-0.595,10,88
139.665778,1532,120.007,-0.877,10,87
139.693508,1533,119.969,0.709,10,81
139.721204,1534,119.992,0.69,10,87
139.748872,1535,119.981,0.187,10,83
139.776592,1536,120.002,-0.005,10,77
139.804285,1537,120.007,-0.017,10,82
139.831985,1538,119.973,-0.577,10,79
139.859721,1539,119.975,0.527,10,79
139.887468,1540,119.98,0.319,10,75
139.915144,1541,119.988,-0.199,10,80
139.942839,1542,119.977,0.881,10,85
139.970549,1543,120.034,-0.582,10,83
139.998275,1544,120.037,-0.146,10,77
140.02597,1545,120.044,0.201,10,80
140.053626,1546,120.064,0.87,10,76
140.081357,1547,120.017,0.662,10,89
140.109026,1548,120.02,-0.519,10,70
140.136743,1549,120.017,0.891,10,83
140.164486,1550,120.025,0.463,10,71
140.192148,1551,119.983,0.513,10,80
140.219852,1552,120.006,-0.344,10,74
140.247508,1553,119.964,0.586,10,90
140.275227,1554,119.977,0.116,10,81
140.302905,1555,119.984,-0.618,10,88
140.330633,1556,119.999,0.003,10,77
140.358345,1557,120.002,0.993,10,89
140.38606,1558,119.995,0.919,10,90
140.413737,1559,119.994,-0.608,10,77
140.441444,1560,119.979,-0.449,10,82
140.469162,1561,119.969,-0.405,10,86
140.496864,1562,119.999,0.376,10,74
140.524536,1563,119.973,0.759,10,75
140.552224,1564,119.989,0.683,10,71
140.579899,1565,120.017,0.721,10,77
140.607608,1566,120.005,0.643,10,74
140.635338,1567,119.983,0.197,10,70
140.662994,1568,119.971,0.373,10,70
140.690729,1569,119.975,-0.462,10,72
140.718448,1570,119.999,-0.264,10,88
140.746157,1571,120.018,-0.296,10,74
140.773856,1572,119.958,0.453,10,81
140.801528,1573,119.959,-0.63,10,72
140.829256,1574,119.95,-0.84,10,76
140.856945,1575,119.939,0.425,10,74
140.884676,1576,119.944,-0.246,10,82
140.912414,1577,119.975,-0.642,10,85
140.940142,1578,119.972,0.458,10,90
140.967819,1579,120.021,-0.484,10,82
140.995553,1580,120.019,0.271,10,89
141.02325,1581,120.001,0.044,10,86
141.050994,1582,119.989,0.976,10,79
141.078713,1583,120.032,-0.713,10,80
141.106416,1584,119.995,0.14,10,75
141.134111,1585,120.0,-0.082,10,72
141.1618,1586,119.993,0.863,10,85
141.189489,1587,120.049,0.303,10,88
141.21719,1588,120.01,0.394,10,72
141.244927,1589,120.046,0.96,10,85
141.272582,1590,120.032,0.376,10,75
141.300264,1591,120.013,0.81,10,79
141.327998,1592,120.013,0.687,10,87
141.355672,1593,120.011,0.346,10,77
141.383417,1594,120.041,-0.573,10,74
141.4111,1595,120.026,0.182,10,83
141.438754,1596,120.073,-0.261,10,80
141.466494,1597,120.069,0.057,10,86
141.494158,1598,120.065,-0.86,10,71
141.521835,1599,120.024,-0.103,10,74
141.549516,1600,120.07,-0.083,10,80
141.577193,1601,120.056,-0.065,10,77
141.60492,1602,119.984,0.987,10,72
141.632576,1603,119.957,0.853,10,72
141.660266,1604,119.984,-0.198,10,86
141.687977,1605,119.98,0.229,10,72
141.715679,1606,119.991,-0.596,10,89
141.743341,1607,119.981,-0.498,10,89
141.771089,1608,119.956,0.065,10,75
141.798828,1609,119.973,0.268,10,88
141.826552,1610,119.974,-0.287,10,81
141.854282,1611,119.954,0.088,10,79
141.881979,1612,119.936,-0.487,10,78
141.909716,1613,119.934,0.682,10,90
141.937406,1614,119.975,-0.183,10,77
141.965151,1615,119.934,-0.766,10,78
141.992896,1616,120.066,-0.123,10,82
142.020621,1617,120.042,0.661,10,89
142.04831,1618,120.058,-0.22,10,87
142.076022,1619,120.066,0.887,10,78
142.103743,1620,120.046,-0.885,10,78
142.131465,1621,120.069,-0.941,10,79
142.159185,1622,120.057,0.857,10,77
142.186881,1623,120.016,0.334,10,82
142.214614,1624,120.013,-0.83,10,79
142.242271,1625,120.043,0.586,10,85
142.269928,1626,120.027,-0.152,10,82
142.297586,1627,120.041,-0.481,10,76
142.325321,1628,120.041,-0.18,10,71
142.353057,1629,120.021,0.818,10,74
142.380725,1630,119.93,0.727,10,89
142.408398,1631,119.941,0.245,10,82
142.436144,1632,119.959,-0.836,10,71
142.463866,1633,119.966,0.565,10,78
142.49161,1634,119.965,0.756,10,74
142.51935,1635,119.949,0.468,10,81
142.547065,1636,119.95,0.181,10,88
142.574808,1637,119.929,0.12,10,75
142.602486,1638,119.987,0.812,10,70
142.630147,1639,119.98,-0.537,10,73
142.657837,1640,119.983,-0.883,10,87
142.685579,1641,119.98,-0.454,10,74
142.713251,1642,119.992,-0.258,10,79
142.740903,1643,119.998,-0.594,10,75
142.768649,1644,119.99,-0.742,10,83
142.796358,1645,119.974,-0.987,10,79
142.824082,1646,119.967,0.963,10,78
142.851819,1647,119.964,0.556,10,89
142.879533,1648,119.981,0.336,10,82
142.907252,1649,119.941,0.515,10,73
142.934995,1650,119.975,0.803,10,86
142.962654,1651,119.936,0.572,10,87
142.990308,1652,119.998,0.93,10,77
143.017963,1653,120.016,0.898,10,76
143.045673,1654,120.008,0.914,10,85
143.073404,1655,119.994,0.812,10,85
143.101138,1656,120.002,-0.908,10,74
143.128826,1657,120.02,-0.271,10,86
143.156565,1658,120.005,-0.979,10,77
143.184273,1659,120.019,0.062,10,86
143.212011,1660,119.996,-0.192,10,70
143.239732,1661,120.037,0.612,10,87
143.26747,1662,120.011,0.504,10,72
143.29513,1663,119.996,0.233,10,70
143.3228,1664,119.995,0.286,10,70
143.35051,1665,120.017,0.152,10,86
143.378208,1666,120.004,0.275,10,76
143.405908,1667,120.025,0.82,10,83
143.433598,1668,120.017,-0.703,10,71
143.461271,1669,120.011,-0.66,10,79
143.48898,1670,120.033,0.26,10,83
143.516677,1671,119.993,-0.231,10,81
143.544393,1672,119.991,0.474,10,76
143.572087,1673,119.965,0.791,10,79
143.599781,1674,119.979,0.258,10,72
143.627505,1675,119.988,-0.453,10,82
143.655159,1676,119.987,0.626,10,84
143.682907,1677,119.964,0.658,10,71
143.710646,1678,120.002,-0.837,10,81
143.738382,1679,119.976,0.16,10,88
143.766088,1680,120.002,0.528,10,78
143.793758,1681,119.992,0.0,10,86
143.82141,1682,120.011,0.737,10,78
143.849073,1683,120.037,-0.764,10,74
143.876816,1684,120.031,0.073,10,87
143.90451,1685,120.023,-0.788,10,70
143.932204,1686,120.019,-0.095,10,84
143.959945,1687,120.006,0.435,10,74
143.987689,1688,120.028,0.243,10,77
144.015364,1689,120.054,-0.631,10,82
144.043092,1690,120.021,-0.189,10,80
144.070773,1691,120.061,-0.455,10,87
144.098431,1692,120.046,0.146,10,89
144.126091,1693,120.062,-0.149,10,82
144.153831,1694,120.052,0.72,10,84
144.181576,1695,120.031,0.946,10,81
144.209242,1696,119.981,0.83,10,84
144.236968,1697,120.007,0.46,10,71
144.264647,1698,120.013,-0.227,10,88
144.292335,1699,119.999,-0.518,10,89
144.320003,1700,120.006,0.572,10,71
144.347668,1701,119.989,-0.992,10,85
144.37532,1702,120.04,0.963,10,83
144.402978,1703,120.047,0.387,10,83
144.430719,1704,120.037,0.681,10,81
144.45842,1705,120.043,-0.826,10,78
144.486132,1706,120.055,-0.42,10,78
144.513881,1707,120.022,-0.668,10,76
144.541604,1708,120.028,-0.135,10,76
144.569277,1709,119.999,-0.254,10,78
144.596941,1710,119.989,-0.402,10,85
144.62467,1711,120.024,0.893,10,85
144.652409,1712,120.025,-0.943,10,79
144.680158,1713,120.007,0.497,10,89
144.707867,1714,120.01,0.667,10,87
144.735608,1715,120.015,-0.906,10,87
144.763351,1716,119.987,0.008,10,71
144.791035,1717,119.997,0.47,10,82
144.818763,1718,120.007,0.499,10,82
144.846441,1719,120.01,0.264,10,86
144.874183,1720,120.031,-0.26,10,84
144.901926,1721,120.038,0.77,10,70
144.929624,1722,120.01,-0.01,10,70
144.957356,1723,119.998,-0.92,10,70
144.985025,1724,119.981,-0.828,10,87
145.012694,1725,119.954,0.667,10,78
145.040357,1726,119.994,-0.297,10,89
145.068084,1727,119.984,0.086,10,71
145.09578,1728,119.988,0.783,10,76
145.123485,1729,119.986,0.667,10,90
145.151173,1730,119.981,0.846,10,83
145.178903,1731,119.987,-0.636,10,81
145.206592,1732,119.981,0.62,10,88
145.234258,1733,119.964,-0.984,10,71
145.261993,1734,119.999,0.393,10,73
145.289689,1735,120.009,0.079,10,83
145.317363,1736,119.999,-0.719,10,90
145.345068,1737,119.96,-0.537,10,78
145.372756,1738,120.005,0.348,10,78
145.400503,1739,120.025,-0.612,10,77
145.428177,1740,120.023,0.726,10,81
145.455852,1741,120.017,-0.651,10,72
145.483597,1742,120.031,0.21,10,73
145.511311,1743,120.03,0.524,10,74
145.539014,1744,120.04,0.166,10,73
145.56667,1745,120.041,-0.66,10,78
145.594413,1746,120.017,0.966,10,83
145.622144,1747,120.017,0.648,10,76
145.649831,1748,120.005,0.649,10,72
145.677521,1749,120.015,0.66,10,86
145.705211,1750,119.987,0.974,10,70
145.732916,1751,120.014,-0.097,10,77
145.760586,1752,120.014,0.987,10,88
145.788298,1753,119.969,0.832,10,72
145.815972,1754,119.934,0.124,10,90
145.843632,1755,119.935,0.489,10,88
145.871289,1756,119.931,-0.874,10,83
145.899027,1757,119.974,-0.726,10,70
145.926738,1758,119.934,-0.731,10,87
145.954397,1759,119.963,-0.969,10,75
145.982098,1760,119.975,0.492,10,87
146.00976,1761,120.001,0.899,10,72
146.03746,1762,119.999,0.374,10,83
146.065165,1763,119.979,-0.322,10,82
146.092871,1764,120.013,0.237,10,78
146.120552,1765,120.014,0.606,10,84
146.14823,1766,119.996,0.06,10,87
146.175923,1767,119.989,0.595,10,84
146.203613,1768,119.965,-0.675,10,81
146.231276,1769,119.948,0.699,10,76
146.258978,1770,119.969,0.006,10,77
146.286718,1771,119.939,-0.162,10,89
146.314406,1772,119.942,-0.817,10,85
146.342132,1773,119.933,-0.313,10,70
146.369867,1774,119.968,-0.437,10,77
146.397526,1775,120.061,-0.988,10,76
146.425274,1776,120.031,-0.312,10,90
146.452981,1777,120.051,0.216,10,90
146.48073,1778,120.061,-0.428,10,82
146.508385,1779,120.036,-0.761,10,72
146.536057,1780,120.037,-0.053,10,83
146.563802,1781,120.068,-0.868,10,81
146.591536,1782,120.033,-0.358,10,88
146.619224,1783,120.009,-0.549,10,72
146.646909,1784,120.02,0.678,10,88
146.674603,1785,119.995,-0.335,10,82
146.702274,1786,120.018,-0.19,10,71
146.730011,1787,120.043,-0.768,10,87
146.757745,1788,120.012,-0.121,10,80
146.785418,1789,120.025,-0.885,10,82
146.813086,1790,120.054,-0.837,10,82
146.840756,1791,120.011,0.546,10,77
146.868443,1792,120.012,-0.937,10,73
146.896151,1793,120.037,-0.591,10,85
146.923819,1794,120.015,-0.19,10,82
146.951515,1795,120.047,-0.094,10,74
146.979257,1796,120.043,0.246,10,87
147.006924,1797,120.037,-0.034,10,83
147.034611,1798,120.034,-0.636,10,88
147.062334,1799,119.998,0.135,10,79
147.090074,1800,119.999,-0.466,10,80
147.117787,1801,120.011,-0.081,10,72
147.145497,1802,120.036,-0.427,10,87
147.173219,1803,119.999,-0.959,10,87
147.200922,1804,120.012,0.045,10,71
147.228636,1805,120.008,-0.186,10,79
147.256299,1806,120.006,0.712,10,87
147.283996,1807,119.995,-0.471,10,89
147.311652,1808,119.994,-0.676,10,88
147.339308,1809,119.97,-0.814,10,82
147.367007,1810,120.012,-0.199,10,87
147.39475,1811,120.023,-0.552,10,71
147.422418,1812,119.995,0.43,10,90
147.450085,1813,120.01,-0.933,10,77
147.477763,1814,119.999,0.639,10,78
147.505492,1815,120.007,-0.443,10,71
147.533242,1816,120.015,0.889,10,76
147.560947,1817,120.017,-0.491,10,82
147.588658,1818,119.988,0.889,10,88
147.616355,1819,119.986,-0.678,10,76
147.644061,1820,119.994,-0.858,10,77
147.6718,1821,120.013,-0.832,10,88
147.699547,1822,120.02,-0.031,10,77
147.727248,1823,120.019,-0.354,10,78
147.754932,1824,120.006,0.642,10,79
147.782602,1825,119.974,-0.003,10,80
147.810316,1826,120.015,-0.945,10,72
147.838019,1827,119.996,0.072,10,78
147.865766,1828,120.018,-0.796,10,77
147.893503,1829,120.001,0.757,10,73
147.921178,1830,120.013,-0.762,10,87
147.9489,1831,120.014,-0.833,10,73
147.976593,1832,120.012,-0.401,10,71
148.004276,1833,120.033,0.934,10,70
148.031982,1834,119.994,-0.185,10,84
148.059664,1835,120.011,-0.77,10,78
148.087347,1836,120.0,0.097,10,81
148.115011,1837,120.014,0.98,10,72
148.142708,1838,120.0,-0.237,10,90
148.170438,1839,119.993,0.122,10,86
148.198148,1840,119.981,0.161,10,71
148.225837,1841,120.016,0.092,10,80
148.253512,1842,119.994,0.963,10,72
148.28117,1843,119.995,0.965,10,75
148.308881,1844,119.991,0.837,10,82
148.33657,1845,119.993,-0.9,10,75
148.3643,1846,120.011,-0.045,10,83
148.391989,1847,120.026,0.038,10,71
148.419674,1848,119.982,-0.264,10,82
148.447357,1849,120.031,-0.108,10,75
148.475106,1850,120.023,-0.772,10,85
148.50281,1851,120.008,-0.265,10,85
148.530524,1852,119.99,0.953,10,82
148.558242,1853,120.021,0.824,10,84
148.585984,1854,119.965,-0.519,10,74
148.6137,1855,119.966,0.691,10,80
148.641373,1856,119.932,0.947,10,83
148.669115,1857,119.93,-0.761,10,85
148.696784,1858,119.946,0.572,10,82
148.724451,1859,119.977,-0.482,10,74
148.752138,1860,119.935,0.56,10,86
148.779847,1861,119.977,0.19,10,71
148.807552,1862,119.982,-0.513,10,74
148.835234,1863,120.021,-0.738,10,88
148.862901,1864,120.013,-0.472,10,70
148.890626,1865,119.978,-0.087,10,83
148.918285,1866,119.975,-0.363,10,71
148.945954,1867,119.993,-0.306,10,83
148.97367,1868,119.985,0.362,10,85
149.001369,1869,119.955,0.935,10,84
149.02907,1870,119.975,0.646,10,89
149.056775,1871,119.978,0.144,10,85
149.084514,1872,119.965,0.012,10,74
149.112236,1873,119.996,0.131,10,79
149.139893,1874,119.959,0.076,10,82
149.167596,1875,119.993,-0.228,10,74
149.195335,1876,120.019,0.19,10,79
149.223028,1877,119.972,-0.545,10,78
149.250696,1878,119.995,-0.944,10,86
149.278371,1879,119.995,0.142,10,89
149.306076,1880,120.001,-0.118,10,83
149.333795,1881,119.972,-0.729,10,71
149.361496,1882,119.974,-0.175,10,71
149.389209,1883,120.028,-0.998,10,81
149.41695,1884,119.997,-0.88,10,88
149.444688,1885,120.005,-0.329,10,83
149.472365,1886,120.008,-0.749,10,72
149.500106,1887,120.005,0.442,10,82
149.527778,1888,119.993,0.178,10,73
149.555456,1889,120.014,-0.112,10,73
149.583166,1890,120.01,-0.718,10,71
149.610875,1891,120.015,0.328,10,85
149.638565,1892,120.027,0.855,10,90
149.666283,1893,119.996,-0.664,10,75
149.693998,1894,120.005,-0.64,10,89
149.721672,1895,120.013,0.369,10,89
149.749357,1896,120.016,0.422,10,87
149.777013,1897,120.001,0.534,10,88
149.804677,1898,120.001,0.74,10,90
149.832401,1899,120.011,0.559,10,88
149.860149,1900,119.995,0.937,10,76
149.887816,1901,120.007,-0.614,10,80
149.915548,1902,120.004,0.687,10,79
149.943222,1903,119.998,0.656,10,88
149.970918,1904,120.007,0.764,10,82
149.998629,1905,120.042,0.827,10,86
150.026288,1906,120.05,-0.835,10,70
150.054034,1907,120.052,0.922,10,71
150.081691,1908,120.004,0.652,10,77
150.109432,1909,120.05,0.075,10,78
150.137141,1910,120.022,0.657,10,78
150.164873,1911,119.944,-0.601,10,71
150.192547,1912,119.958,-0.443,10,76
150.220216,1913,119.97,-0.914,10,85
150.247908,1914,119.97,0.093,10,84
150.275578,1915,119.968,-0.063,10,74
150.303238,1916,119.944,0.848,10,88
150.330956,1917,119.964,-0.681,10,72
150.358654,1918,120.007,-0.367,10,90
150.386333,1919,120.042,0.978,10,86
150.414022,1920,120.029,0.964,10,75
150.441756,1921,120.023,0.666,10,77
150.469479,1922,120.013,-0.852,10,71
150.497184,1923,119.996,0.443,10,83
150.524861,1924,120.035,-0.751,10,80
150.552591,1925,120.029,0.892,10,75
150.580273,1926,120.005,0.79,10,86
150.608015,1927,119.982,-0.547,10,75
150.635673,1928,120.017,-0.309,10,89
150.663362,1929,120.008,0.721,10,73
150.691021,1930,119.992,-0.368,10,82
150.718759,1931,120.022,0.046,10,83
150.746471,1932,119.984,-0.848,10,90
150.774128,1933,120.05,0.804,10,84
150.801876,1934,120.052,-0.999,10,81
150.829582,1935,120.018,-0.326,10,85
150.857242,1936,120.016,-0.833,10,78
150.884907,1937,120.038,0.795,10,70
150.912558,1938,120.021,0.888,10,84
150.94023,1939,120.014,-0.134,10,82
150.967965,1940,120.02,-0.157,10,85
150.995652,1941,120.053,-0.721,10,89
151.023364,1942,120.038,0.982,10,84
151.051055,1943,120.031,0.333,10,70
151.078754,1944,120.047,0.819,10,90
151.106461,1945,120.042,-0.909,10,90
151.134142,1946,120.037,-0.181,10,77
151.161837,1947,120.039,-0.11,10,90
151.189498,1948,119.952,-0.168,10,89
151.217213,1949,119.974,-0.758,10,78
151.244931,1950,119.958,0.98,10,70
151.272627,1951,119.964,0.83,10,83
151.300314,1952,119.972,0.725,10,71
151.328032,1953,119.966,-0.522,10,80
151.355779,1954,119.96,-0.807,10,81
151.383462,1955,120.001,0.375,10,78
151.411209,1956,120.001,0.151,10,80
151.438923,1957,120.024,-0.662,10,73
151.466619,1958,120.014,-0.492,10,74
151.494301,1959,120.013,0.327,10,81
151.521963,1960,120.026,0.426,10,74
151.549693,1961,120.042,0.849,10,88
151.5774,1962,120.057,-0.872,10,90
151.605124,1963,120.029,0.914,10,90
151.632787,1964,120.029,0.006,10,72
151.660438,1965,120.039,0.259,10,81
151.688183,1966,120.035,0.469,10,84
151.715916,1967,120.04,-0.006,10,82
151.743659,1968,120.019,0.667,10,75
151.771313,1969,120.035,-0.773,10,85
151.798994,1970,120.02,0.078,10,82
151.826724,1971,120.052,-0.916,10,74
151.854387,1972,120.052,-0.647,10,73
151.8821,1973,120.04,0.004,10,75
151.909771,1974,120.041,0.313,10,78
151.937502,1975,120.008,-0.05,10,73
151.965161,1976,120.011,0.056,10,71
151.992885,1977,120.042,-0.859,10,78
152.020612,1978,120.049,-0.789,10,71
152.048308,1979,120.041,-0.245,10,82
152.07596,1980,120.004,0.256,10,80
152.103703,1981,120.019,-0.804,10,75
152.131442,1982,120.022,-0.36,10,73
152.159125,1983,120.024,0.427,10,79
152.186812,1984,120.006,0.025,10,80
152.214464,1985,120.012,-0.319,10,88
152.242133,1986,120.023,-0.348,10,73
152.269799,1987,120.022,0.447,10,76
152.297516,1988,120.007,-0.054,10,78
152.325179,1989,120.008,0.088,10,73
152.352845,1990,119.929,0.067,10,82
152.380568,1991,119.948,0.314,10,85
152.4083,1992,119.967,0.942,10,74
152.435982,1993,119.959,-0.034,10,71
152.463651,1994,119.941,-0.741,10,71
152.491306,1995,119.969,0.339,10,83
152.518982,1996,119.945,0.746,10,78
152.546647,1997,119.956,0.271,10,77
152.574334,1998,119.942,0.525,10,84
152.602063,1999,119.978,0.172,10,80
152.629798,2000,119.978,0.057,10,86
152.657536,2001,119.97,0.558,10,74
152.685191,2002,119.939,-0.986,10,88
152.71291,2003,119.945,0.628,10,71
152.740658,2004,119.951,0.156,10,76
152.7684,2005,120.01,-0.613,10,87
152.796117,2006,120.023,-0.664,10,79
152.823827,2007,120.05,-0.093,10,77
152.851523,2008,120.037,0.139,10,80
152.879235,2009,120.031,0.671,10,78
152.906971,2010,120.041,-0.506,10,89
152.934621,2011,120.016,-0.822,10,74
152.962334,2012,119.96,0.122,10,78
152.989994,2013,119.95,-0.042,10,78
153.017703,2014,119.942,-0.734,10,72
153.045452,2015,119.955,-0.324,10,86
153.073107,2016,119.947,-0.239,10,78
153.100791,2017,119.96,-0.109,10,85
153.128499,2018,119.93,0.319,10,76
153.156155,2019,119.957,0.116,10,82
153.18384,2020,119.974,-0.608,10,71
153.211579,2021,119.987,0.182,10,81
153.239322,2022,119.985,0.652,10,83
153.267072,2023,119.965,0.118,10,81
153.294756,2024,119.974,0.223,10,90
153.32244,2025,119.968,-0.755,10,75
153.350182,2026,119.993,0.824,10,74
153.377922,2027,119.998,0.865,10,75
153.405604,2028,119.986,0.844,10,73
153.433296,2029,119.986,0.003,10,75
153.461028,2030,119.992,-0.166,10,90
153.488773,2031,120.002,0.758,10,82
153.516457,2032,119.987,0.942,10,87
153.544123,2033,120.013,0.802,10,75
153.571795,2034,120.026,-0.765,10,74
153.599478,2035,120.047,0.244,10,85
153.62713,2036,120.029,-0.675,10,79
153.654868,2037,120.065,-0.089,10,87
153.682609,2038,120.021,-0.869,10,86
153.71034,2039,120.022,0.91,10,89
153.738075,2040,120.061,-0.905,10,84
153.765775,2041,119.995,-0.751,10,86
153.793441,2042,119.992,-0.775,10,76
153.821121,2043,119.972,-0.912,10,81
153.848856,2044,119.989,-0.941,10,87
153.876585,2045,119.987,0.753,10,74
153.904267,2046,119.987,0.625,10,73
153.931927,2047,119.993,-0.88,10,72
153.959645,2048,120.062,-0.342,10,86
153.987299,2049,120.069,-0.2,10,79
154.014957,2050,120.071,-0.813,10,89
154.042609,2051,120.073,0.26,10,77
154.070318,2052,120.04,0.766,10,77
154.098057,2053,120.07,0.14,10,89
154.125805,2054,120.037,0.757,10,88
154.153536,2055,120.053,-0.602,10,79
154.181263,2056,120.049,0.48,10,85
154.208943,2057,120.029,0.738,10,71
154.236601,2058,120.03,0.135,10,81
154.264329,2059,120.001,-0.241,10,77
154.291981,2060,120.011,-0.387,10,72
154.319672,2061,120.01,-0.182,10,71
154.347417,2062,120.023,-0.047,10,90
154.375101,2063,119.962,0.712,10,89
154.402789,2064,119.969,-0.037,10,76
154.430457,2065,119.972,0.311,10,70
154.458141,2066,119.952,0.338,10,80
154.485832,2067,119.946,0.789,10,78
154.513493,2068,119.942,0.253,10,73
154.541172,2069,119.951,0.209,10,71
154.568921,2070,119.984,-0.445,10,90
154.596635,2071,120.03,0.693,10,85
154.624363,2072,119.981,0.785,10,78
154.652042,2073,120.008,0.527,10,78
154.67971,2074,119.992,0.088,10,85
154.707408,2075,120.031,0.405,10,83
154.735099,2076,119.984,0.289,10,84
154.762824,2077,119.978,-0.243,10,78
154.790563,2078,120.005,-0.307,10,85
154.81831,2079,119.973,0.373,10,74
154.845986,2080,119.99,0.911,10,85
154.873654,2081,119.987,0.765,10,76
154.901389,2082,119.978,0.086,10,72
154.929103,2083,119.998,-0.85,10,85
154.956837,2084,119.975,-0.202,10,82
154.984583,2085,119.97,-0.619,10,82
155.012234,2086,119.939,-0.072,10,74
155.039981,2087,119.952,0.066,10,88
155.067644,2088,119.953,-0.458,10,77
155.095319,2089,119.951,-0.344,10,85
155.12298,2090,119.94,0.185,10,83
155.150643,2091,119.976,-0.403,10,70
155.178351,2092,119.971,0.848,10,72
155.206083,2093,119.972,-0.271,10,74
155.233814,2094,119.998,-0.585,10,75
155.261556,2095,119.999,-0.327,10,70
155.289268,2096,119.953,0.289,10,77
155.316991,2097,119.971,-0.171,10,81
155.344679,2098,119.959,-0.835,10,82
155.372422,2099,119.948,0.046,10,88
